primary_category,postings,total_vacancies,median_salary,avg_applications,avg_views,salary_score,demand_score,vacancy_score,competition_score,opportunity_score
Accounting / Auditing / Taxation,77974,163387,3650.0,2.490009490342935,34.435978659553186,0.26881720430107525,0.9491635783134685,0.9304156080009879,0.30863987247028457,54.6
Admin / Secretarial,100326,221375,2850.0,2.7173015967944503,31.180870362617867,0.0967741935483871,1.0,0.9881789444581105,0.266670652304125,49.0
Advertising / Media,16563,27537,3750.0,3.113566382901648,32.35742317213065,0.2903225806451613,0.636707145440501,0.5917941791352493,0.19929197818856503,40.4
Architecture / Interior Design,14597,29156,4000.0,1.048503117078852,24.032266904158387,0.34408602150537637,0.6112236181753826,0.6026586302344552,0.6630499127478753,51.3
Banking and Finance,46257,109524,6250.0,3.755669412197073,38.45949802192101,0.8279569892473119,0.8438479977221497,0.8543496466668448,0.10280809450502293,69.1
Building and Construction,73826,159210,4100.0,1.8275810690000813,27.739129845853764,0.3655913978494624,0.9381381993842477,0.9254905274453069,0.44865098556148375,60.9
Consulting,24003,100182,5000.0,2.514019080948215,26.502062242219722,0.5591397849462365,0.7115335656829418,0.8373945603477435,0.3040793528932182,58.8
Customer Service,63321,230427,3000.0,1.6773266372925253,22.848802135152635,0.12903225806451613,0.9071797613488298,0.995800440041066,0.48497224587683385,52.5
Design,7949,13390,4000.0,3.3019247704113726,38.86702729903133,0.34408602150537637,0.4886513017535278,0.4546797191931153,0.16950998143161544,36.2
Education and Training,34497,148004,3300.0,1.5760211032843436,22.819433573933964,0.1935483870967742,0.7846843178968202,0.9116106025440915,0.5106304727466793,51.2
Engineering,99445,188224,4250.0,1.6791895017346272,23.316868620845693,0.3978494623655914,0.9982210404316643,0.9573275917355185,0.4845095723719365,64.9
Entertainment,1771,6357,4150.0,1.642010163749294,19.926030491247882,0.3763440860215054,0.1858950695166206,0.31302289555723506,0.49380511918018977,34.3
Environment / Health,9922,44396,3500.0,1.6387825035275145,20.01562185043338,0.23655913978494625,0.5333636271525942,0.6826235916484138,0.49461825768109635,42.9
Events / Promotions,4331,9614,3400.0,2.5467559455091204,29.06903717386285,0.21505376344086022,0.36619395219690154,0.3916820340156468,0.2979110797481831,29.6
F&B,58687,233389,3500.0,0.8196704551263483,15.062245471739908,0.23655913978494625,0.8918514714969135,0.9982294593526294,0.7418442908690146,61.6
General Management,13621,41002,4250.0,3.324425519418545,29.02151090228324,0.3978494623655914,0.5972666784220062,0.6674994623297528,0.16603984421552453,44.2
General Work,14074,50840,2400.0,1.082989910473213,24.28826204348444,0.0,0.603864922034903,0.7083984892038448,0.6519445779583999,38.8
Healthcare / Pharmaceutical,32599,165841,3750.0,1.7028129697229977,24.035921347280592,0.2903225806451613,0.773270612664203,0.9332507238369279,0.4786700365457389,54.5
Hospitality,6316,15488,2950.0,2.283882203926536,31.227675744141862,0.11827956989247312,0.4422761761846504,0.48235943532516207,0.3491354051250144,30.0
Human Resources,22731,37575,3850.0,3.581408648981567,30.365448066517093,0.3118279569892473,0.7005519311628134,0.6509008879858939,0.12764027358239105,42.3
Information Technology,99652,235572,6750.0,2.4449283506602977,27.221831975273954,0.9354838709677419,0.9986404376720709,1.0,0.31728824142182155,83.7
Insurance,3209,7857,5250.0,1.7731380492365223,25.062636335306948,0.6129032258064516,0.3057343201107095,0.3533058213248775,0.46158364586327794,46.7
Legal,3416,4656,7050.0,2.435889929742389,34.17652224824356,1.0,0.3183386227932076,0.25381278398942614,0.3190357869586946,58.1
Logistics / Supply Chain,44073,92540,3250.0,2.01134481428539,24.129830054682007,0.1827956989247312,0.8340931656545205,0.8223046516023849,0.40676718341256257,48.6
Manufacturing,16269,37020,3400.0,1.5290429651484418,26.533714426209354,0.21505376344086022,0.6330950494004083,0.6480710130500673,0.5228733259039993,44.6
Marketing / Public Relations,22656,33734,4000.0,3.0508474576271185,27.340925141242938,0.34408602150537637,0.6998853773923815,0.630394181873692,0.20951214344450642,44.9
Medical / Therapy Services,4011,12465,4050.0,0.9217152829718275,16.073797058090253,0.3548387096774194,0.35071602202424496,0.4410672605877901,0.705549690884919,43.7
Others,24172,66828,3925.0,2.405510508025815,29.348419659109712,0.3279569892473118,0.7129486192436376,0.7603993020281208,0.324943414731388,48.8
Personal Care / Beauty,10206,38387,4000.0,0.23437193807564177,8.240446796002352,0.34408602150537637,0.5390551374709304,0.6549667473652514,1.0,57.1
Precision Engineering,734,1225,3750.0,1.0463215258855585,24.4850136239782,0.2903225806451613,0.008405155484169488,0.0,0.6637586967099407,25.1
Professional Services,3603,9510,4250.0,2.3127948931446016,29.539827921176798,0.3978494623655914,0.32908518371852075,0.3896137933326604,0.34330442152145657,36.9
Public / Civil Service,704,2995,4500.0,2.7514204545454546,41.28267045454545,0.45161290322580644,0.0,0.16992703808828535,0.26059312408196145,25.8
Purchasing / Merchandising,4774,6967,3400.0,2.67804775869292,27.644742354419773,0.21505376344086022,0.3858318697985795,0.33044582771607084,0.2737322551427278,28.7
Real Estate / Property Management,4051,7941,4000.0,3.273759565539373,30.909405085164156,0.34408602150537637,0.35271697636861754,0.3553279737993991,0.17387937803727926,31.4
Repair and Maintenance,7195,18693,2800.0,0.8522585128561501,17.037526059763724,0.08602150537634409,0.4685531237009768,0.5181264721182814,0.7300369694512752,37.5
Risk Management,1072,1533,6750.0,3.8722014925373136,38.53917910447761,0.9354838709677419,0.08471492331740242,0.042622786749853016,0.08670489299260686,41.9
Sales / Retail,36704,96165,3500.0,1.2003868788142982,17.032666739319964,0.23655913978494625,0.7971917261633519,0.8296120205819291,0.6154729491292392,54.1
Sciences / Laboratory / R&D,10332,14394,4950.0,1.7340301974448316,27.265485869144406,0.5483870967741935,0.5415297072162714,0.4684291400017508,0.47103118487307216,51.9
Security and Investigation,2445,29745,2675.0,2.4944785276073618,33.16114519427403,0.05913978494623656,0.2509103345272012,0.6064620999643062,0.30778862617266056,23.9
Social Services,3642,7641,3700.0,4.550521691378363,54.26166941241076,0.27956989247311825,0.33125605805025277,0.34800506577586643,0.0,24.7
Telecommunications,865,2639,4250.0,1.9907514450867052,25.359537572254336,0.3978494623655914,0.041485966933865394,0.14586983055056832,0.41133177505776264,27.4
Travel / Tourism,986,2976,3204.25,3.5081135902636915,43.232251521298174,0.17295698924731182,0.06786461422422004,0.16871713618658252,0.13836827522325057,13.9
Wholesale Trade,2648,4769,4000.0,3.1200906344410875,35.038897280966765,0.34408602150537637,0.266991072003415,0.2583722433223094,0.1982378005660137,28.3
